Position,Const,Created,Modified,Description,Title,Original Title,URL,Title Type,IMDb Rating,Runtime (mins),Year,Genres,Num Votes,Release Date,Directors,Your Rating,Date Rated
1,tt0806165,2023-06-16,2023-06-16,,"The Ramen Girl","The Ramen Girl",https://www.imdb.com/title/tt0806165/,Movie,6.3,102,2008,"Comedy, Drama, Romance",11404,2008-10-23,"Robert Allan Ackerman",,
2,tt0088161,2023-06-16,2023-06-16,,"Splash","Splash",https://www.imdb.com/title/tt0088161/,Movie,6.3,111,1984,"Comedy, Fantasy, Romance",85317,1984-03-09,"Ron Howard",,
3,tt0110099,2023-06-16,2023-06-16,,"I.Q.","I.Q.",https://www.imdb.com/title/tt0110099/,Movie,6.2,100,1994,"Comedy, Romance",26972,1994-12-25,"Fred Schepisi",,
4,tt0101635,2023-06-20,2023-06-20,,"Curly Sue","Curly Sue",https://www.imdb.com/title/tt0101635/,Movie,5.9,101,1991,"Comedy, Drama, Family, Romance",23896,1991-10-25,"John Hughes",,
5,tt0035423,2023-06-20,2023-06-20,,"Kate & Leopold","Kate & Leopold",https://www.imdb.com/title/tt0035423/,Movie,6.4,118,2001,"Comedy, Fantasy, Romance",90999,2001-12-25,"James Mangold",,
6,tt0095687,2023-06-24,2023-06-24,,"My Stepmother Is an Alien","My Stepmother Is an Alien",https://www.imdb.com/title/tt0095687/,Movie,5.4,105,1988,"Comedy, Sci-Fi",28211,1988-12-09,"Richard Benjamin",,
7,tt0115580,2023-06-25,2023-06-25,,"The Associate","The Associate",https://www.imdb.com/title/tt0115580/,Movie,6.1,114,1996,"Comedy",9330,1996-10-25,"Donald Petrie",,
8,tt0124298,2023-06-26,2023-06-26,,"Blast from the Past","Blast from the Past",https://www.imdb.com/title/tt0124298/,Movie,6.7,112,1999,"Comedy, Drama, Romance, Sci-Fi",73491,1999-02-12,"Hugh Wilson",,
9,tt0113957,2023-06-26,2023-06-26,,"The Net","The Net",https://www.imdb.com/title/tt0113957/,Movie,6.0,114,1995,"Action, Crime, Drama, Mystery, Thriller",75960,1995-07-28,"Irwin Winkler",,
10,tt1041829,2023-06-26,2023-06-26,,"The Proposal","The Proposal",https://www.imdb.com/title/tt1041829/,Movie,6.8,108,2009,"Comedy, Drama, Romance",374938,2009-06-19,"Anne Fletcher",,
11,tt0212346,2023-06-26,2023-06-26,,"Miss Congeniality","Miss Congeniality",https://www.imdb.com/title/tt0212346/,Movie,6.3,109,2000,"Action, Comedy, Crime, Romance",236753,2000-12-22,"Donald Petrie",,
12,tt0385307,2023-06-26,2023-06-26,,"Miss Congeniality 2: Armed & Fabulous","Miss Congeniality 2: Armed and Fabulous",https://www.imdb.com/title/tt0385307/,Movie,5.2,115,2005,"Action, Comedy, Crime",81832,2005-03-24,"John Pasquin",,
13,tt0898266,2023-06-26,2023-06-26,,"The Big Bang Theory","The Big Bang Theory",https://www.imdb.com/title/tt0898266/,TV Series,8.1,22,2007,"Comedy, Romance",894908,2007-09-24,,,
14,tt0094737,2023-06-26,2023-06-26,,"Big","Big",https://www.imdb.com/title/tt0094737/,Movie,7.3,104,1988,"Comedy, Drama, Fantasy, Romance",247289,1988-06-03,"Penny Marshall",,
15,tt0128853,2023-06-26,2023-06-26,,"You've Got Mail","You've Got Mail",https://www.imdb.com/title/tt0128853/,Movie,6.7,119,1998,"Comedy, Drama, Romance",235303,1998-12-18,"Nora Ephron",,
16,tt0362227,2023-06-26,2023-06-26,,"The Terminal","The Terminal",https://www.imdb.com/title/tt0362227/,Movie,7.4,128,2004,"Comedy, Drama, Romance",508251,2004-06-18,"Steven Spielberg",,
17,tt0107614,2023-06-26,2023-06-26,,"Mrs. Doubtfire","Mrs. Doubtfire",https://www.imdb.com/title/tt0107614/,Movie,7.1,125,1993,"Comedy, Drama",300562,1993-11-24,"Chris Columbus",,
18,tt0109830,2023-06-26,2023-06-26,,"Forrest Gump","Forrest Gump",https://www.imdb.com/title/tt0109830/,Movie,8.8,142,1994,"Drama, Romance",2339561,1994-07-06,"Robert Zemeckis",,
19,tt0878804,2023-06-26,2023-06-26,,"The Blind Side","The Blind Side",https://www.imdb.com/title/tt0878804/,Movie,7.6,129,2009,"Biography, Drama, Sport",369554,2009-11-20,"John Lee Hancock",,
20,tt0100405,2023-06-26,2023-06-26,,"Pretty Woman","Pretty Woman",https://www.imdb.com/title/tt0100405/,Movie,7.1,119,1990,"Comedy, Romance",378698,1990-03-23,"Garry Marshall",,
21,tt0207201,2023-06-26,2023-06-26,,"What Women Want","What Women Want",https://www.imdb.com/title/tt0207201/,Movie,6.5,127,2000,"Comedy, Fantasy, Romance",228399,2000-12-15,"Nancy Meyers",,
22,tt0111257,2023-06-26,2023-06-26,,"Speed","Speed",https://www.imdb.com/title/tt0111257/,Movie,7.3,116,1994,"Action, Adventure, Thriller",402932,1994-06-10,"Jan de Bont",,
23,tt0093693,2023-06-26,2023-06-26,,"Overboard","Overboard",https://www.imdb.com/title/tt0093693/,Movie,6.9,112,1987,"Comedy, Romance",70626,1987-12-16,"Garry Marshall",,
24,tt10986410,2023-06-26,2023-06-26,,"Ted Lasso","Ted Lasso",https://www.imdb.com/title/tt10986410/,TV Series,8.8,30,2020,"Comedy, Drama, Sport",381886,2020-08-14,,,
25,tt6226232,2023-06-26,2023-06-26,,"Young Sheldon","Young Sheldon",https://www.imdb.com/title/tt6226232/,TV Series,7.7,30,2017,"Comedy",125135,2017-09-25,,,
26,tt0108778,2023-06-26,2023-06-26,,"Friends","Friends",https://www.imdb.com/title/tt0108778/,TV Series,8.9,22,1994,"Comedy, Romance",1125914,1994-09-22,,,
27,tt0460627,2023-06-26,2023-06-26,,"Bones","Bones",https://www.imdb.com/title/tt0460627/,TV Series,7.8,40,2005,"Crime, Drama, Mystery",181352,2005-09-13,,,
28,tt2861424,2023-06-26,2023-06-26,,"Rick and Morty","Rick and Morty",https://www.imdb.com/title/tt2861424/,TV Series,9.1,23,2013,"Animation, Adventure, Comedy, Sci-Fi",633939,2013-12-02,,,
29,tt3107288,2023-06-26,2023-06-26,,"The Flash","The Flash",https://www.imdb.com/title/tt3107288/,TV Series,7.5,43,2014,"Action, Adventure, Drama, Sci-Fi",373816,2014-10-07,,,
30,tt0386676,2023-06-26,2023-06-26,,"The Office","The Office",https://www.imdb.com/title/tt0386676/,TV Series,9.0,22,2005,"Comedy",755490,2005-03-24,,,
31,tt0412142,2023-06-26,2023-06-26,,"House","House M.D.",https://www.imdb.com/title/tt0412142/,TV Series,8.7,45,2004,"Drama, Mystery",543341,2004-11-16,,,
32,tt0121955,2023-06-26,2023-06-26,,"South Park","South Park",https://www.imdb.com/title/tt0121955/,TV Series,8.7,22,1997,"Animation, Comedy",416974,1997-08-13,,,
33,tt0096697,2023-06-26,2023-06-26,,"The Simpsons","The Simpsons",https://www.imdb.com/title/tt0096697/,TV Series,8.7,22,1989,"Animation, Comedy",447874,1989-12-17,,,
34,tt1475582,2023-06-26,2023-06-26,,"Sherlock","Sherlock",https://www.imdb.com/title/tt1475582/,TV Series,9.1,90,2010,"Crime, Drama, Mystery, Thriller",1032202,2010-10-24,,,
35,tt0182576,2023-06-26,2023-06-26,,"Family Guy","Family Guy",https://www.imdb.com/title/tt0182576/,TV Series,8.1,22,1999,"Animation, Comedy",372664,1999-01-31,,,
36,tt0397306,2023-06-26,2023-06-26,,"American Dad!","American Dad!",https://www.imdb.com/title/tt0397306/,TV Series,7.4,22,2005,"Animation, Comedy",139209,2005-02-06,,,
37,tt0369179,2023-06-26,2023-06-26,,"Two and a Half Men","Two and a Half Men",https://www.imdb.com/title/tt0369179/,TV Series,7.1,22,2003,"Comedy, Romance",286785,2003-09-22,,,
38,tt5363918,2023-06-26,2023-06-26,,"Disenchantment","Disenchantment",https://www.imdb.com/title/tt5363918/,TV Series,7.2,30,2018,"Animation, Action, Adventure, Comedy, Fantasy, Horror, Romance, Sci-Fi",75528,2018-08-17,,,
39,tt8910922,2023-06-26,2023-06-26,,"Solar Opposites","Solar Opposites",https://www.imdb.com/title/tt8910922/,TV Series,7.9,22,2020,"Animation, Adventure, Comedy, Sci-Fi",32873,2020-05-08,,,
40,tt1355644,2023-06-26,2023-06-26,,"Passengers","Passengers",https://www.imdb.com/title/tt1355644/,Movie,7.0,116,2016,"Drama, Romance, Sci-Fi, Thriller",466633,2016-12-21,"Morten Tyldum",,
41,tt0187078,2023-06-26,2023-06-26,,"Gone in 60 Seconds","Gone in Sixty Seconds",https://www.imdb.com/title/tt0187078/,Movie,6.5,118,2000,"Action, Crime, Thriller",300666,2000-06-09,"Dominic Sena",,
42,tt1431045,2023-06-26,2023-06-26,,"Deadpool","Deadpool",https://www.imdb.com/title/tt1431045/,Movie,8.0,108,2016,"Action, Comedy",1186238,2016-02-12,"Tim Miller",,
43,tt0107290,2023-06-26,2023-06-26,,"Jurassic Park","Jurassic Park",https://www.imdb.com/title/tt0107290/,Movie,8.2,127,1993,"Action, Adventure, Sci-Fi, Thriller",1101156,1993-06-11,"Steven Spielberg",,
44,tt0993846,2023-06-26,2023-06-26,,"The Wolf of Wall Street","The Wolf of Wall Street",https://www.imdb.com/title/tt0993846/,Movie,8.2,180,2013,"Biography, Comedy, Crime, Drama",1650340,2013-12-25,"Martin Scorsese",,
45,tt0816692,2023-06-26,2023-06-26,,"Interstellar","Interstellar",https://www.imdb.com/title/tt0816692/,Movie,8.7,169,2014,"Adventure, Drama, Sci-Fi",2249223,2014-11-07,"Christopher Nolan",,
46,tt0433035,2023-06-26,2023-06-26,,"Real Steel","Real Steel",https://www.imdb.com/title/tt0433035/,Movie,7.1,127,2011,"Action, Drama, Sci-Fi, Sport",366493,2011-10-07,"Shawn Levy",,
47,tt1823672,2023-06-26,2023-06-26,,"Chappie","Chappie",https://www.imdb.com/title/tt1823672/,Movie,6.8,120,2015,"Action, Crime, Drama, Sci-Fi, Thriller",275321,2015-03-06,"Neill Blomkamp",,
48,tt0343818,2023-06-26,2023-06-26,,"I, Robot","I, Robot",https://www.imdb.com/title/tt0343818/,Movie,7.1,115,2004,"Action, Mystery, Sci-Fi, Thriller",589838,2004-07-16,"Alex Proyas",,
49,tt0448157,2023-06-26,2023-06-26,,"Hancock","Hancock",https://www.imdb.com/title/tt0448157/,Movie,6.4,92,2008,"Action, Comedy, Drama, Fantasy",522988,2008-07-02,"Peter Berg",,
50,tt1104001,2023-06-26,2023-06-26,,"Tron: Legacy","Tron: Legacy",https://www.imdb.com/title/tt1104001/,Movie,6.8,125,2010,"Action, Adventure, Sci-Fi",362197,2010-12-17,"Joseph Kosinski",,
51,tt1677720,2023-06-26,2023-06-26,,"Ready Player One","Ready Player One",https://www.imdb.com/title/tt1677720/,Movie,7.4,140,2018,"Action, Adventure, Sci-Fi",506857,2018-03-29,"Steven Spielberg",,
52,tt0437086,2023-06-26,2023-06-26,,"Alita: Battle Angel","Alita: Battle Angel",https://www.imdb.com/title/tt0437086/,Movie,7.3,122,2019,"Action, Adventure, Sci-Fi, Thriller",306802,2019-02-14,"Robert Rodriguez",,
53,tt1631867,2023-06-26,2023-06-26,,"Edge of Tomorrow","Edge of Tomorrow",https://www.imdb.com/title/tt1631867/,Movie,7.9,113,2014,"Action, Adventure, Sci-Fi",761498,2014-06-06,"Doug Liman",,
54,tt1670345,2023-06-26,2023-06-26,,"Now You See Me","Now You See Me",https://www.imdb.com/title/tt1670345/,Movie,7.2,115,2013,"Crime, Mystery, Thriller",727083,2013-05-31,"Louis Leterrier",,
55,tt1136608,2023-06-26,2023-06-26,,"District 9","District 9",https://www.imdb.com/title/tt1136608/,Movie,7.9,112,2009,"Action, Sci-Fi, Thriller",729709,2009-08-14,"Neill Blomkamp",,
56,tt3659388,2023-06-26,2023-06-26,,"The Martian","The Martian",https://www.imdb.com/title/tt3659388/,Movie,8.0,144,2015,"Adventure, Drama, Sci-Fi",954827,2015-10-02,"Ridley Scott",,
57,tt2543164,2023-06-26,2023-06-26,,"Arrival","Arrival",https://www.imdb.com/title/tt2543164/,Movie,7.9,116,2016,"Drama, Mystery, Sci-Fi",801517,2016-11-11,"Denis Villeneuve",,
58,tt0454876,2023-06-26,2023-06-26,,"Life of Pi","Life of Pi",https://www.imdb.com/title/tt0454876/,Movie,7.9,127,2012,"Adventure, Drama, Fantasy",679144,2012-11-21,"Ang Lee",,
59,tt3890160,2023-06-26,2023-06-26,,"Baby Driver","Baby Driver",https://www.imdb.com/title/tt3890160/,Movie,7.5,113,2017,"Action, Crime, Drama, Music",637827,2017-06-28,"Edgar Wright",,
60,tt2802144,2023-06-26,2023-06-26,,"Kingsman: The Secret Service","Kingsman: The Secret Service",https://www.imdb.com/title/tt2802144/,Movie,7.7,129,2014,"Action, Adventure, Comedy, Thriller",741148,2015-02-13,"Matthew Vaughn",,
61,tt4649466,2023-06-26,2023-06-26,,"Kingsman: The Golden Circle","Kingsman: The Golden Circle",https://www.imdb.com/title/tt4649466/,Movie,6.7,141,2017,"Action, Adventure, Comedy, Crime, Thriller",378655,2017-09-22,"Matthew Vaughn",,
62,tt1250777,2023-06-26,2023-06-26,,"Kick-Ass","Kick-Ass",https://www.imdb.com/title/tt1250777/,Movie,7.6,117,2010,"Action, Comedy, Crime",604786,2010-04-16,"Matthew Vaughn",,
63,tt0988045,2023-06-26,2023-06-26,,"Sherlock Holmes","Sherlock Holmes",https://www.imdb.com/title/tt0988045/,Movie,7.6,128,2009,"Action, Adventure, Mystery",684475,2009-12-25,"Guy Ritchie",,
64,tt3110958,2023-06-26,2023-06-26,,"Now You See Me 2","Now You See Me 2",https://www.imdb.com/title/tt3110958/,Movie,6.4,129,2016,"Action, Adventure, Comedy, Crime, Mystery, Thriller",332139,2016-06-10,"Jon M. Chu",,
65,tt0119654,2023-06-26,2023-06-26,,"Men in Black","Men in Black",https://www.imdb.com/title/tt0119654/,Movie,7.3,98,1997,"Action, Adventure, Comedy, Sci-Fi",630216,1997-07-02,"Barry Sonnenfeld",,
66,tt0120912,2023-06-26,2023-06-26,,"Men in Black II","Men in Black II",https://www.imdb.com/title/tt0120912/,Movie,6.2,88,2002,"Action, Adventure, Comedy, Mystery, Sci-Fi",414018,2002-07-03,"Barry Sonnenfeld",,
67,tt0116629,2023-06-26,2023-06-26,,"Independence Day","Independence Day",https://www.imdb.com/title/tt0116629/,Movie,7.0,145,1996,"Action, Adventure, Sci-Fi",620892,1996-07-03,"Roland Emmerich",,
68,tt0096874,2023-06-26,2023-06-26,,"Back to the Future Part II","Back to the Future Part II",https://www.imdb.com/title/tt0096874/,Movie,7.8,108,1989,"Adventure, Comedy, Sci-Fi",589699,1989-11-22,"Robert Zemeckis",,
69,tt0099088,2023-06-26,2023-06-26,,"Back to the Future Part III","Back to the Future Part III",https://www.imdb.com/title/tt0099088/,Movie,7.4,118,1990,"Adventure, Comedy, Sci-Fi, Western",494056,1990-05-25,"Robert Zemeckis",,
70,tt0088763,2023-06-26,2023-06-26,,"Back to the Future","Back to the Future",https://www.imdb.com/title/tt0088763/,Movie,8.5,116,1985,"Adventure, Comedy, Sci-Fi",1354303,1985-07-03,"Robert Zemeckis",,
71,tt0088247,2023-06-26,2023-06-26,,"The Terminator","The Terminator",https://www.imdb.com/title/tt0088247/,Movie,8.1,107,1984,"Action, Adventure, Sci-Fi",951749,1984-10-26,"James Cameron",,
72,tt0087332,2023-06-26,2023-06-26,,"Ghostbusters","Ghostbusters",https://www.imdb.com/title/tt0087332/,Movie,7.8,105,1984,"Action, Comedy, Fantasy, Sci-Fi",465277,1984-06-08,"Ivan Reitman",,
73,tt0103064,2023-06-26,2023-06-26,,"Terminator 2: Judgment Day","Terminator 2: Judgment Day",https://www.imdb.com/title/tt0103064/,Movie,8.6,137,1991,"Action, Adventure, Sci-Fi",1213878,1991-07-03,"James Cameron",,
74,tt0095016,2023-06-26,2023-06-26,,"Die Hard","Die Hard",https://www.imdb.com/title/tt0095016/,Movie,8.2,132,1988,"Action, Thriller",979159,1988-07-20,"John McTiernan",,
75,tt0078748,2023-06-26,2023-06-26,,"Alien","Alien",https://www.imdb.com/title/tt0078748/,Movie,8.5,117,1979,"Horror, Sci-Fi",999559,1979-06-22,"Ridley Scott",,
76,tt0075148,2023-06-26,2023-06-26,,"Rocky","Rocky",https://www.imdb.com/title/tt0075148/,Movie,8.1,120,1976,"Drama, Sport",650011,1976-12-03,"John G. Avildsen",,
77,tt0090605,2023-06-26,2023-06-26,,"Aliens","Aliens",https://www.imdb.com/title/tt0090605/,Movie,8.4,137,1986,"Action, Adventure, Sci-Fi, Thriller",798569,1986-07-18,"James Cameron",,
78,tt0103644,2023-06-26,2023-06-26,,"Alien³","Alien³",https://www.imdb.com/title/tt0103644/,Movie,6.4,114,1992,"Action, Horror, Sci-Fi",336335,1992-05-22,"David Fincher",,
79,tt0118583,2023-06-26,2023-06-26,,"Alien Resurrection","Alien Resurrection",https://www.imdb.com/title/tt0118583/,Movie,6.2,109,1997,"Action, Horror, Sci-Fi",278279,1997-11-26,"Jean-Pierre Jeunet",,
80,tt0436992,2023-06-26,2023-06-26,,"Doctor Who","Doctor Who",https://www.imdb.com/title/tt0436992/,TV Series,8.5,45,2005,"Adventure, Drama, Sci-Fi",254215,2006-03-17,,,
81,tt0313737,2023-06-26,2023-06-26,,"Two Weeks Notice","Two Weeks Notice",https://www.imdb.com/title/tt0313737/,Movie,6.2,101,2002,"Comedy, Romance",129086,2002-12-20,"Marc Lawrence",,
82,tt0114924,2023-06-26,2023-06-26,,"While You Were Sleeping","While You Were Sleeping",https://www.imdb.com/title/tt0114924/,Movie,6.8,103,1995,"Comedy, Drama, Romance",118740,1995-04-21,"Jon Turteltaub",,
83,tt0106179,2023-06-26,2023-06-26,,"The X-Files","The X Files",https://www.imdb.com/title/tt0106179/,TV Series,8.6,45,1993,"Adventure, Crime, Drama, Mystery, Sci-Fi, Thriller",258375,1993-09-10,,,
84,tt0149460,2023-06-26,2023-06-26,,"Futurama","Futurama",https://www.imdb.com/title/tt0149460/,TV Series,8.5,22,1999,"Animation, Adventure, Comedy, Sci-Fi",268266,1999-03-28,,10,2023-05-09
85,tt4955642,2023-06-26,2023-06-26,,"The Good Place","The Good Place",https://www.imdb.com/title/tt4955642/,TV Series,8.2,22,2016,"Comedy, Drama, Fantasy, Mystery, Romance",201308,2016-09-19,,,
86,tt0120382,2023-06-26,2023-06-26,,"The Truman Show","The Truman Show",https://www.imdb.com/title/tt0120382/,Movie,8.2,103,1998,"Comedy, Drama",1250905,1998-06-05,"Peter Weir",,
87,tt0264464,2023-06-26,2023-06-26,,"Catch Me If You Can","Catch Me If You Can",https://www.imdb.com/title/tt0264464/,Movie,8.1,141,2002,"Biography, Crime, Drama",1141305,2002-12-25,"Steven Spielberg",,
88,tt0434409,2023-06-26,2023-06-26,,"V for Vendetta","V for Vendetta",https://www.imdb.com/title/tt0434409/,Movie,8.1,132,2005,"Action, Drama, Sci-Fi, Thriller",1203751,2006-03-17,"James McTeigue",,
89,tt0110475,2023-06-26,2023-06-26,,"The Mask","The Mask",https://www.imdb.com/title/tt0110475/,Movie,7.0,101,1994,"Comedy, Crime, Fantasy",438313,1994-07-29,"Chuck Russell",,
90,tt1068680,2023-06-26,2023-06-26,,"Yes Man","Yes Man",https://www.imdb.com/title/tt1068680/,Movie,6.8,104,2008,"Comedy, Romance",390611,2008-12-19,"Peyton Reed",,
91,tt0315327,2023-06-26,2023-06-26,,"Bruce Almighty","Bruce Almighty",https://www.imdb.com/title/tt0315327/,Movie,6.8,101,2003,"Comedy, Fantasy",446340,2003-05-23,"Tom Shadyac",,
92,tt0133093,2023-06-26,2023-06-26,,"The Matrix","The Matrix",https://www.imdb.com/title/tt0133093/,Movie,8.7,136,1999,"Action, Sci-Fi",2121217,1999-03-31,"Lana Wachowski, Lilly Wachowski",,
93,tt0145487,2023-06-26,2023-06-26,,"Spider-Man","Spider-Man",https://www.imdb.com/title/tt0145487/,Movie,7.4,121,2002,"Action, Adventure, Sci-Fi",908380,2002-05-03,"Sam Raimi",,
94,tt2015381,2023-06-26,2023-06-26,,"Guardians of the Galaxy","Guardians of the Galaxy",https://www.imdb.com/title/tt2015381/,Movie,8.0,121,2014,"Action, Adventure, Comedy, Sci-Fi",1302189,2014-08-01,"James Gunn",,
95,tt0107048,2023-06-26,2023-06-26,,"Groundhog Day","Groundhog Day",https://www.imdb.com/title/tt0107048/,Movie,8.0,101,1993,"Comedy, Drama, Fantasy, Romance",705163,1993-02-12,"Harold Ramis",,
96,tt0371746,2023-06-26,2023-06-26,,"Iron Man","Iron Man",https://www.imdb.com/title/tt0371746/,Movie,7.9,126,2008,"Action, Adventure, Sci-Fi",1155900,2008-05-02,"Jon Favreau",,
97,tt0499549,2023-06-26,2023-06-26,,"Avatar","Avatar",https://www.imdb.com/title/tt0499549/,Movie,7.9,162,2009,"Action, Adventure, Fantasy, Sci-Fi",1416018,2009-12-18,"James Cameron",,
98,tt0470752,2023-06-26,2023-06-26,,"Ex Machina","Ex Machina",https://www.imdb.com/title/tt0470752/,Movie,7.7,108,2014,"Drama, Sci-Fi, Thriller",609713,2015-04-24,"Alex Garland",,
99,tt1285016,2023-06-26,2023-06-26,,"The Social Network","The Social Network",https://www.imdb.com/title/tt1285016/,Movie,7.8,120,2010,"Biography, Drama",779048,2010-10-01,"David Fincher",,
100,tt0119116,2023-06-26,2023-06-26,,"The Fifth Element","The Fifth Element",https://www.imdb.com/title/tt0119116/,Movie,7.6,126,1997,"Action, Adventure, Sci-Fi",520273,1997-05-09,"Luc Besson",,
101,tt0120201,2023-06-26,2023-06-26,,"Starship Troopers","Starship Troopers",https://www.imdb.com/title/tt0120201/,Movie,7.3,129,1997,"Action, Adventure, Sci-Fi, Thriller",330642,1997-11-07,"Paul Verhoeven",,
102,tt0118884,2023-06-26,2023-06-26,,"Contact","Contact",https://www.imdb.com/title/tt0118884/,Movie,7.5,150,1997,"Drama, Mystery, Sci-Fi, Thriller",300160,1997-07-11,"Robert Zemeckis",,
103,tt0272152,2023-06-26,2023-06-26,,"K-PAX","K-PAX",https://www.imdb.com/title/tt0272152/,Movie,7.4,120,2001,"Drama, Mystery, Sci-Fi",195937,2001-10-26,"Iain Softley",,
104,tt0238380,2023-06-26,2023-06-26,,"Equilibrium","Equilibrium",https://www.imdb.com/title/tt0238380/,Movie,7.3,107,2002,"Action, Drama, Sci-Fi, Thriller",352717,2002-12-06,"Kurt Wimmer",,
105,tt0093870,2023-06-26,2023-06-26,,"RoboCop","RoboCop",https://www.imdb.com/title/tt0093870/,Movie,7.6,102,1987,"Action, Crime, Sci-Fi, Thriller",291954,1987-07-17,"Paul Verhoeven",,
106,tt0212720,2023-06-26,2023-06-26,,"A.I. Artificial Intelligence","A.I. Artificial Intelligence",https://www.imdb.com/title/tt0212720/,Movie,7.2,146,2001,"Adventure, Drama, Sci-Fi",328717,2001-06-29,"Steven Spielberg",,
107,tt0112864,2023-06-26,2023-06-26,,"Die Hard with a Vengeance","Die Hard with a Vengeance",https://www.imdb.com/title/tt0112864/,Movie,7.6,128,1995,"Action, Adventure, Thriller",417072,1995-05-19,"John McTiernan",,
108,tt0120616,2023-06-26,2023-06-26,,"The Mummy","The Mummy",https://www.imdb.com/title/tt0120616/,Movie,7.1,124,1999,"Action, Adventure, Fantasy",475844,1999-05-07,"Stephen Sommers",,
109,tt0110413,2023-06-26,2023-06-26,,"Léon: The Professional","Léon",https://www.imdb.com/title/tt0110413/,Movie,8.5,110,1994,"Action, Crime, Drama, Thriller",1285019,1994-11-18,"Luc Besson",,
110,tt1675434,2023-06-26,2023-06-26,,"The Intouchables","Intouchables",https://www.imdb.com/title/tt1675434/,Movie,8.5,112,2011,"Comedy, Drama",961717,2011-11-02,"Olivier Nakache, Éric Toledano",,
111,tt0234215,2023-06-26,2023-06-26,,"The Matrix Reloaded","The Matrix Reloaded",https://www.imdb.com/title/tt0234215/,Movie,7.2,138,2003,"Action, Sci-Fi",645390,2003-05-15,"Lana Wachowski, Lilly Wachowski",,
112,tt0112573,2023-06-26,2023-06-26,,"Braveheart","Braveheart",https://www.imdb.com/title/tt0112573/,Movie,8.3,178,1995,"Biography, Drama, War",1117043,1995-05-24,"Mel Gibson",,
113,tt0242653,2023-06-26,2023-06-26,,"The Matrix Revolutions","The Matrix Revolutions",https://www.imdb.com/title/tt0242653/,Movie,6.7,129,2003,"Action, Sci-Fi",555716,2003-11-05,"Lana Wachowski, Lilly Wachowski",,
114,tt0182789,2023-06-26,2023-06-26,,"Bicentennial Man","Bicentennial Man",https://www.imdb.com/title/tt0182789/,Movie,6.9,132,1999,"Drama, Romance, Sci-Fi",127355,1999-12-17,"Chris Columbus",,
115,tt0091949,2023-06-26,2023-06-26,,"Short Circuit","Short Circuit",https://www.imdb.com/title/tt0091949/,Movie,6.6,98,1986,"Comedy, Family, Sci-Fi",67895,1986-05-09,"John Badham",,
116,tt0418279,2023-06-26,2023-06-26,,"Transformers","Transformers",https://www.imdb.com/title/tt0418279/,Movie,7.1,144,2007,"Action, Adventure, Sci-Fi",690232,2007-07-03,"Michael Bay",,
117,tt4701182,2023-06-26,2023-06-26,,"Bumblebee","Bumblebee",https://www.imdb.com/title/tt4701182/,Movie,6.7,114,2018,"Action, Adventure, Sci-Fi",195815,2018-12-21,"Travis Knight",,
118,tt1409024,2023-06-26,2023-06-26,,"Men in Black³","Men in Black³",https://www.imdb.com/title/tt1409024/,Movie,6.8,106,2012,"Action, Adventure, Comedy, Sci-Fi",396335,2012-05-25,"Barry Sonnenfeld",,
119,tt6710474,2023-06-26,2023-06-26,,"Everything Everywhere All at Once","Everything Everywhere All at Once",https://www.imdb.com/title/tt6710474/,Movie,7.8,139,2022,"Action, Adventure, Comedy, Fantasy, Sci-Fi",565504,2022-04-08,"Daniel Kwan, Daniel Scheinert",,
120,tt0305711,2023-06-27,2023-06-27,,"Just Married","Just Married",https://www.imdb.com/title/tt0305711/,Movie,5.5,95,2003,"Comedy, Romance",75606,2003-01-10,"Shawn Levy",,
121,tt1142988,2023-06-27,2023-06-27,,"The Ugly Truth","The Ugly Truth",https://www.imdb.com/title/tt1142988/,Movie,6.4,96,2009,"Comedy, Romance",234530,2009-07-24,"Robert Luketic",,
122,tt0343660,2023-06-27,2023-06-27,,"50 First Dates","50 First Dates",https://www.imdb.com/title/tt0343660/,Movie,6.8,99,2004,"Comedy, Drama, Romance",392824,2004-02-13,"Peter Segal",,
123,tt0337563,2023-06-27,2023-06-27,,"13 Going on 30","13 Going on 30",https://www.imdb.com/title/tt0337563/,Movie,6.3,98,2004,"Comedy, Fantasy, Romance",227554,2004-04-23,"Gary Winick",,
124,tt0087538,2023-06-27,2023-06-27,,"The Karate Kid","The Karate Kid",https://www.imdb.com/title/tt0087538/,Movie,7.3,126,1984,"Action, Drama, Family, Sport",254103,1984-06-22,"John G. Avildsen",,
125,tt0250494,2023-06-27,2023-06-27,,"Legally Blonde","Legally Blonde",https://www.imdb.com/title/tt0250494/,Movie,6.5,96,2001,"Comedy, Romance",260509,2001-07-13,"Robert Luketic",,
126,tt0333780,2023-06-27,2023-06-27,,"Legally Blonde 2: Red, White & Blonde","Legally Blonde 2: Red, White & Blonde",https://www.imdb.com/title/tt0333780/,Movie,4.8,95,2003,"Comedy",74780,2003-07-02,"Charles Herman-Wurmfeld",,
127,tt0974661,2023-06-27,2023-06-27,,"17 Again","17 Again",https://www.imdb.com/title/tt0974661/,Movie,6.4,102,2009,"Comedy, Drama, Fantasy, Romance, Sport",221910,2009-04-17,"Burr Steers",,
128,tt6339102,2023-06-27,2023-06-27,,"We're the Millers: The Miller Makeovers","We're the Millers: The Miller Makeovers",https://www.imdb.com/title/tt6339102/,Video,7.1,4,2013,"Short, Comedy, Crime",31908,2013-08-15,,,
129,tt1564367,2023-06-27,2023-06-27,,"Just Go with It","Just Go with It",https://www.imdb.com/title/tt1564367/,Movie,6.4,117,2011,"Comedy, Romance",274045,2011-02-11,"Dennis Dugan",,
130,tt1723121,2023-06-27,2023-06-27,,"We're the Millers","We're the Millers",https://www.imdb.com/title/tt1723121/,Movie,7.0,110,2013,"Comedy, Crime",500302,2013-08-07,"Rawson Marshall Thurber",,
131,tt0116483,2023-06-27,2023-06-27,,"Happy Gilmore","Happy Gilmore",https://www.imdb.com/title/tt0116483/,Movie,7.0,92,1996,"Comedy, Sport",258467,1996-02-16,"Dennis Dugan",,
132,tt0396269,2023-06-27,2023-06-27,,"Wedding Crashers","Wedding Crashers",https://www.imdb.com/title/tt0396269/,Movie,7.0,119,2005,"Comedy, Romance",383119,2005-07-15,"David Dobkin",,
133,tt0478311,2023-06-27,2023-06-27,,"Knocked Up","Knocked Up",https://www.imdb.com/title/tt0478311/,Movie,6.9,129,2007,"Comedy, Romance",390157,2007-06-01,"Judd Apatow",,
134,tt0112508,2023-06-27,2023-06-27,,"Billy Madison","Billy Madison",https://www.imdb.com/title/tt0112508/,Movie,6.4,89,1995,"Comedy",160577,1995-02-10,"Tamra Davis",,
135,tt0120484,2023-06-27,2023-06-27,,"The Waterboy","The Waterboy",https://www.imdb.com/title/tt0120484/,Movie,6.2,90,1998,"Comedy, Sport",183523,1998-11-06,"Frank Coraci",,
136,tt0185431,2023-06-27,2023-06-27,,"Little Nicky","Little Nicky",https://www.imdb.com/title/tt0185431/,Movie,5.3,90,2000,"Comedy, Fantasy",114784,2000-11-10,"Steven Brill",,
137,tt0389860,2023-06-27,2023-06-27,,"Click","Click",https://www.imdb.com/title/tt0389860/,Movie,6.4,107,2006,"Comedy, Drama, Fantasy, Romance",366825,2006-06-23,"Frank Coraci",,
138,tt2561572,2023-06-27,2023-06-27,,"Get Hard","Get Hard",https://www.imdb.com/title/tt2561572/,Movie,6.0,100,2015,"Comedy, Crime, Drama",149742,2015-03-27,"Etan Cohen",,
139,tt0113492,2023-06-27,2023-06-27,,"Judge Dredd","Judge Dredd",https://www.imdb.com/title/tt0113492/,Movie,5.6,96,1995,"Action, Crime, Sci-Fi, Thriller",127481,1995-06-30,"Danny Cannon",,
140,tt0110443,2023-06-27,2023-06-27,,"Major Payne","Major Payne",https://www.imdb.com/title/tt0110443/,Movie,6.3,95,1995,"Adventure, Comedy, Family",40432,1995-03-24,"Nick Castle",,
141,tt0102719,2023-06-27,2023-06-27,,"Problem Child 2","Problem Child 2",https://www.imdb.com/title/tt0102719/,Movie,4.9,90,1991,"Comedy, Family",24251,1991-07-03,"Brian Levant",,
142,tt0100419,2023-06-27,2023-06-27,,"Problem Child","Problem Child",https://www.imdb.com/title/tt0100419/,Movie,5.5,81,1990,"Comedy, Family",33914,1990-07-27,"Dennis Dugan",,
143,tt1270797,2023-06-27,2023-06-27,,"Venom","Venom",https://www.imdb.com/title/tt1270797/,Movie,6.6,112,2018,"Action, Adventure, Sci-Fi",566862,2018-10-05,"Ruben Fleischer",,
144,tt2911666,2023-06-27,2023-06-27,,"John Wick","John Wick",https://www.imdb.com/title/tt2911666/,Movie,7.4,101,2014,"Action, Crime, Thriller",766394,2014-10-24,"Chad Stahelski",,
145,tt0099785,2023-06-27,2023-06-27,,"Home Alone","Home Alone",https://www.imdb.com/title/tt0099785/,Movie,7.7,103,1990,"Comedy, Family",687639,1990-11-16,"Chris Columbus",,
146,tt0104431,2023-06-27,2023-06-27,,"Home Alone 2: Lost in New York","Home Alone 2: Lost in New York",https://www.imdb.com/title/tt0104431/,Movie,6.9,120,1992,"Adventure, Comedy, Crime, Family",423897,1992-11-20,"Chris Columbus",,
147,tt0119303,2023-06-27,2023-06-27,,"Home Alone 3","Home Alone 3",https://www.imdb.com/title/tt0119303/,Movie,4.6,102,1997,"Action, Comedy, Crime, Family",131487,1997-12-12,"Raja Gosnell",,
148,tt0319343,2023-06-27,2023-06-27,,"Elf","Elf",https://www.imdb.com/title/tt0319343/,Movie,7.1,97,2003,"Adventure, Comedy, Family, Fantasy, Romance",327720,2003-11-07,"Jon Favreau",,
149,tt1155076,2023-06-27,2023-06-27,,"The Karate Kid","The Karate Kid",https://www.imdb.com/title/tt1155076/,Movie,6.2,140,2010,"Action, Drama, Family, Sport",213057,2010-06-11,"Harald Zwart",,
150,tt1950186,2023-06-27,2023-06-27,,"Ford v Ferrari","Ford v Ferrari",https://www.imdb.com/title/tt1950186/,Movie,8.1,152,2019,"Action, Biography, Drama, Sport",508121,2019-11-15,"James Mangold",,
151,tt1375666,2023-06-27,2023-06-27,,"Inception","Inception",https://www.imdb.com/title/tt1375666/,Movie,8.8,148,2010,"Action, Adventure, Sci-Fi, Thriller",2637091,2010-07-16,"Christopher Nolan",,
152,tt0129290,2023-06-27,2023-06-27,,"Patch Adams","Patch Adams",https://www.imdb.com/title/tt0129290/,Movie,6.8,115,1998,"Biography, Comedy, Drama, Romance",124932,1998-12-25,"Tom Shadyac",,
153,tt0116669,2023-06-27,2023-06-27,,"Jack","Jack",https://www.imdb.com/title/tt0116669/,Movie,5.8,113,1996,"Comedy, Drama, Fantasy",65163,1996-08-09,"Francis Ford Coppola",,
154,tt0109040,2023-06-27,2023-06-27,,"Ace Ventura: Pet Detective","Ace Ventura: Pet Detective",https://www.imdb.com/title/tt0109040/,Movie,6.9,86,1994,"Comedy",334896,1994-02-04,"Tom Shadyac",,
155,tt0910970,2023-06-27,2023-06-27,,"WALL·E","WALL·E",https://www.imdb.com/title/tt0910970/,Movie,8.4,98,2008,"Animation, Adventure, Family, Sci-Fi",1241165,2008-06-27,"Andrew Stanton",,
156,tt0382932,2023-06-27,2023-06-27,,"Ratatouille","Ratatouille",https://www.imdb.com/title/tt0382932/,Movie,8.1,111,2007,"Animation, Adventure, Comedy, Family, Fantasy",865781,2007-06-27,"Brad Bird, Jan Pinkava",,
157,tt2948372,2023-06-27,2023-06-27,,"Soul","Soul",https://www.imdb.com/title/tt2948372/,Movie,8.0,100,2020,"Animation, Adventure, Comedy, Drama, Family, Fantasy, Music",399168,2020-11-29,"Pete Docter, Kemp Powers",,
158,tt0198781,2023-06-27,2023-06-27,,"Monsters, Inc.","Monsters, Inc.",https://www.imdb.com/title/tt0198781/,Movie,8.1,92,2001,"Animation, Adventure, Comedy, Family, Fantasy",1012046,2001-11-23,"Pete Docter, David Silverman, Lee Unkrich",,
159,tt2234155,2023-06-27,2023-06-27,,"The Internship","The Internship",https://www.imdb.com/title/tt2234155/,Movie,6.3,119,2013,"Comedy",218392,2013-06-07,"Shawn Levy",,
160,tt0111070,2023-06-27,2023-06-27,,"The Santa Clause","The Santa Clause",https://www.imdb.com/title/tt0111070/,Movie,6.6,97,1994,"Comedy, Drama, Family, Fantasy",140007,1994-11-11,"John Pasquin",,
161,tt0116705,2023-06-27,2023-06-27,,"Jingle All the Way","Jingle All the Way",https://www.imdb.com/title/tt0116705/,Movie,5.8,89,1996,"Adventure, Comedy, Family",122361,1996-11-22,"Brian Levant",,
162,tt0302640,2023-06-27,2023-06-27,,"The Hot Chick","The Hot Chick",https://www.imdb.com/title/tt0302640/,Movie,5.6,104,2002,"Comedy, Fantasy",105177,2002-12-13,"Tom Brady",,
163,tt1488555,2023-06-27,2023-06-27,,"The Change-Up","The Change-Up",https://www.imdb.com/title/tt1488555/,Movie,6.3,112,2011,"Comedy, Fantasy",199705,2011-08-05,"David Dobkin",,
164,tt0322330,2023-06-27,2023-06-27,,"Freaky Friday","Freaky Friday",https://www.imdb.com/title/tt0322330/,Movie,6.3,97,2003,"Comedy, Family, Fantasy, Music, Romance",158149,2003-08-06,"Mark Waters",,
165,tt6791096,2023-06-27,2023-06-27,,"I Feel Pretty","I Feel Pretty",https://www.imdb.com/title/tt6791096/,Movie,5.7,110,2018,"Comedy, Romance",58301,2018-04-20,"Abby Kohn, Marc Silverstein",,
166,tt0482527,2023-06-27,2023-06-27,,"It's a Boy Girl Thing","It's a Boy Girl Thing",https://www.imdb.com/title/tt0482527/,Movie,6.2,95,2006,"Comedy, Fantasy, Romance",43417,2006-12-26,"Nick Hurran",,
167,tt0120783,2023-06-27,2023-06-27,,"The Parent Trap","The Parent Trap",https://www.imdb.com/title/tt0120783/,Movie,6.7,128,1998,"Adventure, Comedy, Drama, Family, Romance",161291,1998-07-29,"Nancy Meyers",,
168,tt2463288,2023-06-27,2023-06-27,,"Walk of Shame","Walk of Shame",https://www.imdb.com/title/tt2463288/,Movie,6.0,95,2014,"Comedy",57877,2014-05-01,"Steven Brill",,
169,tt2387559,2023-06-27,2023-06-27,,"Delivery Man","Delivery Man",https://www.imdb.com/title/tt2387559/,Movie,6.3,105,2013,"Comedy, Drama",83806,2013-11-22,"Ken Scott",,
170,tt1086772,2023-06-27,2023-06-27,,"Blended","Blended",https://www.imdb.com/title/tt1086772/,Movie,6.5,117,2014,"Comedy, Romance",149345,2014-05-23,"Frank Coraci",,
171,tt0175142,2023-06-27,2023-06-27,,"Scary Movie","Scary Movie",https://www.imdb.com/title/tt0175142/,Movie,6.3,88,2000,"Comedy",298283,2000-07-07,"Keenen Ivory Wayans",,
172,tt6264654,2023-06-27,2023-06-27,,"Free Guy","Free Guy",https://www.imdb.com/title/tt6264654/,Movie,7.1,115,2021,"Action, Adventure, Comedy, Fantasy, Romance, Sci-Fi",451531,2021-08-13,"Shawn Levy",,
173,tt0762107,2023-06-27,2023-06-27,,"I Now Pronounce You Chuck & Larry","I Now Pronounce You Chuck & Larry",https://www.imdb.com/title/tt0762107/,Movie,5.9,115,2007,"Comedy, Romance",156320,2007-07-20,"Dennis Dugan",,
174,tt0398165,2023-06-27,2023-06-27,,"The Longest Yard","The Longest Yard",https://www.imdb.com/title/tt0398165/,Movie,6.4,113,2005,"Comedy, Crime, Sport",200724,2005-05-27,"Peter Segal",,
175,tt1648179,2023-06-27,2023-06-27,,"Here Comes the Boom","Here Comes the Boom",https://www.imdb.com/title/tt1648179/,Movie,6.4,105,2012,"Action, Comedy, Sport",96610,2012-10-12,"Frank Coraci",,
176,tt0393162,2023-06-27,2023-06-27,,"Coach Carter","Coach Carter",https://www.imdb.com/title/tt0393162/,Movie,7.3,136,2005,"Biography, Drama, Sport",177418,2005-01-14,"Thomas Carter",,
177,tt3316948,2023-06-27,2023-06-27,,"American Ultra","American Ultra",https://www.imdb.com/title/tt3316948/,Movie,6.1,96,2015,"Action, Comedy",97498,2015-08-21,"Nima Nourizadeh",,
178,tt10223460,2023-06-27,2023-06-27,,"Marry Me","Marry Me",https://www.imdb.com/title/tt10223460/,Movie,6.1,112,2022,"Comedy, Music, Romance",45633,2022-02-11,"Kat Coiro",,
179,tt0247638,2023-06-27,2023-06-27,,"The Princess Diaries","The Princess Diaries",https://www.imdb.com/title/tt0247638/,Movie,6.4,115,2001,"Comedy, Family, Romance",170685,2001-08-03,"Garry Marshall",,
180,tt0368933,2023-06-27,2023-06-27,,"The Princess Diaries 2: Royal Engagement","The Princess Diaries 2: Royal Engagement",https://www.imdb.com/title/tt0368933/,Movie,5.8,113,2004,"Comedy, Family, Romance",92061,2004-08-11,"Garry Marshall",,
181,tt0327679,2023-06-27,2023-06-27,,"Ella Enchanted","Ella Enchanted",https://www.imdb.com/title/tt0327679/,Movie,6.3,96,2004,"Comedy, Family, Fantasy, Romance",77243,2004-04-09,"Tommy O'Haver",,
182,tt0356470,2023-06-27,2023-06-27,,"A Cinderella Story","A Cinderella Story",https://www.imdb.com/title/tt0356470/,Movie,5.9,95,2004,"Comedy, Family, Romance",96458,2004-07-16,"Mark Rosman",,
183,tt0170016,2023-06-27,2023-06-27,,"How the Grinch Stole Christmas","How the Grinch Stole Christmas",https://www.imdb.com/title/tt0170016/,Movie,6.4,104,2000,"Comedy, Family, Fantasy",309688,2000-11-17,"Ron Howard",,
184,tt0356910,2023-06-27,2023-06-27,,"Mr. & Mrs. Smith","Mr. & Mrs. Smith",https://www.imdb.com/title/tt0356910/,Movie,6.5,120,2005,"Action, Comedy, Crime, Thriller",558717,2005-06-10,"Doug Liman",,
185,tt1587310,2023-06-27,2023-06-27,,"Maleficent","Maleficent",https://www.imdb.com/title/tt1587310/,Movie,6.9,97,2014,"Action, Adventure, Drama, Family, Fantasy, Romance",408682,2014-05-30,"Robert Stromberg",,
186,tt0112642,2023-06-27,2023-06-27,,"Casper","Casper",https://www.imdb.com/title/tt0112642/,Movie,6.2,100,1995,"Comedy, Family, Fantasy",151431,1995-05-26,"Brad Silberling",,
187,tt2294629,2023-06-27,2023-06-27,,"Frozen","Frozen",https://www.imdb.com/title/tt2294629/,Movie,7.4,102,2013,"Animation, Adventure, Comedy, Family, Fantasy, Musical",680429,2013-11-27,"Chris Buck, Jennifer Lee",,
188,tt0398286,2023-06-27,2023-06-27,,"Tangled","Tangled",https://www.imdb.com/title/tt0398286/,Movie,7.7,100,2010,"Animation, Adventure, Comedy, Family, Fantasy, Musical, Romance",512047,2010-11-24,"Nathan Greno, Byron Howard",,
189,tt0268380,2023-06-27,2023-06-27,,"Ice Age","Ice Age",https://www.imdb.com/title/tt0268380/,Movie,7.5,81,2002,"Animation, Adventure, Comedy, Family",535708,2002-03-27,"Chris Wedge, Carlos Saldanha",,
190,tt0266543,2023-06-27,2023-06-27,,"Finding Nemo","Finding Nemo",https://www.imdb.com/title/tt0266543/,Movie,8.2,100,2003,"Animation, Adventure, Comedy, Family",1144131,2003-05-30,"Andrew Stanton, Lee Unkrich",,
191,tt0441773,2023-06-27,2023-06-27,,"Kung Fu Panda","Kung Fu Panda",https://www.imdb.com/title/tt0441773/,Movie,7.6,92,2008,"Animation, Action, Adventure, Comedy, Family, Fantasy",541842,2008-06-06,"Mark Osborne, John Stevenson",,
192,tt2277860,2023-06-27,2023-06-27,,"Finding Dory","Finding Dory",https://www.imdb.com/title/tt2277860/,Movie,7.2,97,2016,"Animation, Adventure, Comedy, Family, Fantasy",314686,2016-06-17,"Andrew Stanton, Angus MacLane",,
193,tt0317219,2023-06-27,2023-06-27,,"Cars","Cars",https://www.imdb.com/title/tt0317219/,Movie,7.3,116,2006,"Animation, Adventure, Comedy, Family, Sport",491641,2006-06-09,"John Lasseter, Joe Ranft",,
194,tt0146316,2023-06-27,2023-06-27,,"Lara Croft: Tomb Raider","Lara Croft: Tomb Raider",https://www.imdb.com/title/tt0146316/,Movie,5.8,100,2001,"Action, Adventure, Fantasy, Thriller",223037,2001-06-15,"Simon West",,
195,tt0113243,2023-06-27,2023-06-27,,"Hackers","Hackers",https://www.imdb.com/title/tt0113243/,Movie,6.2,105,1995,"Crime, Drama, Romance, Thriller",77274,1995-09-15,"Iain Softley",,
196,tt0218817,2023-06-27,2023-06-27,,"Antitrust","Antitrust",https://www.imdb.com/title/tt0218817/,Movie,6.1,108,2001,"Action, Crime, Drama, Thriller",30663,2001-01-12,"Peter Howitt",,
197,tt0113481,2023-06-27,2023-06-27,,"Johnny Mnemonic","Johnny Mnemonic",https://www.imdb.com/title/tt0113481/,Movie,5.6,96,1995,"Action, Drama, Sci-Fi, Thriller",77887,1995-05-26,"Robert Longo",,
198,tt0086567,2023-06-27,2023-06-27,,"WarGames","WarGames",https://www.imdb.com/title/tt0086567/,Movie,7.1,114,1983,"Action, Drama, Sci-Fi, Thriller",114649,1983-06-03,"John Badham",,
199,tt0462538,2023-06-27,2023-06-27,,"The Simpsons Movie","The Simpsons Movie",https://www.imdb.com/title/tt0462538/,Movie,7.3,87,2007,"Animation, Adventure, Comedy",355462,2007-07-27,"David Silverman",,
200,tt0232500,2023-06-27,2023-06-27,,"The Fast and the Furious","The Fast and the Furious",https://www.imdb.com/title/tt0232500/,Movie,6.8,106,2001,"Action, Crime, Thriller",431888,2001-06-22,"Rob Cohen",,
201,tt0109686,2023-06-27,2023-06-27,,"Dumb and Dumber","Dumb and Dumber",https://www.imdb.com/title/tt0109686/,Movie,7.3,107,1994,"Comedy",423495,1994-12-16,"Peter Farrelly, Bobby Farrelly",,
202,tt0332379,2023-06-27,2023-06-27,,"School of Rock","School of Rock",https://www.imdb.com/title/tt0332379/,Movie,7.2,109,2003,"Comedy, Music",340855,2003-10-03,"Richard Linklater",,
203,tt7401588,2023-06-27,2023-06-27,,"Instant Family","Instant Family",https://www.imdb.com/title/tt7401588/,Movie,7.3,118,2018,"Comedy, Drama",125737,2018-11-16,"Sean Anders",,
204,tt4481414,2023-06-27,2023-06-27,,"Gifted","Gifted",https://www.imdb.com/title/tt4481414/,Movie,7.6,101,2017,"Drama",145653,2017-04-12,"Marc Webb",,
205,tt6513120,2023-06-27,2023-06-27,,"Fighting with My Family","Fighting with My Family",https://www.imdb.com/title/tt6513120/,Movie,7.0,108,2019,"Biography, Comedy, Drama, Sport",89924,2019-02-22,"Stephen Merchant",,
206,tt1187043,2023-06-27,2023-06-27,,"3 Idiots","3 Idiots",https://www.imdb.com/title/tt1187043/,Movie,8.4,170,2009,"Comedy, Drama",450707,2009-12-25,"Rajkumar Hirani",,
207,tt7178640,2023-06-27,2023-06-27,,"Superintelligence","Superintelligence",https://www.imdb.com/title/tt7178640/,Movie,5.4,106,2020,"Action, Comedy, Romance, Sci-Fi",13539,2020-11-26,"Ben Falcone",,
208,tt2404463,2023-06-27,2023-06-27,,"The Heat","The Heat",https://www.imdb.com/title/tt2404463/,Movie,6.6,117,2013,"Action, Comedy, Crime",183952,2013-06-28,"Paul Feig",,
209,tt2096673,2023-06-27,2023-06-27,,"Inside Out","Inside Out",https://www.imdb.com/title/tt2096673/,Movie,8.1,95,2015,"Animation, Adventure, Comedy, Drama, Family, Fantasy",849492,2015-06-19,"Pete Docter, Ronnie Del Carmen",,
210,tt2380307,2023-06-27,2023-06-27,,"Coco","Coco",https://www.imdb.com/title/tt2380307/,Movie,8.4,105,2017,"Animation, Adventure, Drama, Family, Fantasy, Music, Mystery",631833,2017-11-22,"Lee Unkrich, Adrian Molina",,
211,tt8097030,2023-06-27,2023-06-27,,"Turning Red","Turning Red",https://www.imdb.com/title/tt8097030/,Movie,7.0,100,2022,"Animation, Adventure, Comedy, Drama, Family, Fantasy, Music, Romance",161382,2022-03-11,"Domee Shi",,
212,tt3521164,2023-06-28,2023-06-28,,"Moana","Moana",https://www.imdb.com/title/tt3521164/,Movie,7.6,107,2016,"Animation, Adventure, Comedy, Family, Fantasy, Musical",403774,2016-11-23,"Ron Clements, John Musker, Don Hall, Chris Williams",,
213,tt0473389,2023-06-28,2023-06-28,,"The Ron Clark Story","The Ron Clark Story",https://www.imdb.com/title/tt0473389/,TV Movie,7.5,90,2006,"Biography, Drama",13068,2006-08-13,"Randa Haines",,
214,tt1217209,2023-06-28,2023-06-28,,"Brave","Brave",https://www.imdb.com/title/tt1217209/,Movie,7.1,93,2012,"Animation, Action, Adventure, Comedy, Drama, Family, Fantasy, Mystery",455667,2012-06-22,"Mark Andrews, Brenda Chapman, Steve Purcell",,
215,tt1284575,2023-06-28,2023-06-28,,"Bad Teacher","Bad Teacher",https://www.imdb.com/title/tt1284575/,Movie,5.7,92,2011,"Comedy, Romance",215835,2011-06-24,"Jake Kasdan",,
216,tt1956620,2023-06-28,2023-06-28,,"Sex Tape","Sex Tape",https://www.imdb.com/title/tt1956620/,Movie,5.1,94,2014,"Comedy, Romance",119753,2014-07-18,"Jake Kasdan",,
217,tt1033643,2023-06-28,2023-06-28,,"What Happens in Vegas","What Happens in Vegas",https://www.imdb.com/title/tt1033643/,Movie,6.1,99,2008,"Comedy, Romance",190648,2008-05-09,"Tom Vaughan",,
218,tt2097298,2023-06-28,2023-06-28,,"McFarland, USA","McFarland, USA",https://www.imdb.com/title/tt2097298/,Movie,7.4,129,2015,"Biography, Drama, Sport",43822,2015-02-20,"Niki Caro",,
219,tt1292594,2023-06-28,2023-06-28,,"Front of the Class","Front of the Class",https://www.imdb.com/title/tt1292594/,TV Movie,8.1,95,2008,"Biography, Drama",9460,2008-12-07,"Peter Werner",,
220,tt0425123,2023-06-29,2023-06-29,,"Just Like Heaven","Just Like Heaven",https://www.imdb.com/title/tt0425123/,Movie,6.7,95,2005,"Comedy, Drama, Fantasy, Romance",119408,2005-09-16,"Mark Waters",,
221,tt9866072,2023-06-29,2023-06-29,,"Holidate","Holidate",https://www.imdb.com/title/tt9866072/,Movie,6.2,104,2020,"Comedy, Romance",83254,2020-10-28,"John Whitesell",,
222,tt1231287,2023-06-29,2023-06-29,,"Labor Pains","Labor Pains",https://www.imdb.com/title/tt1231287/,Movie,4.8,89,2009,"Comedy, Romance",12296,2009-06-19,"Lara Shapiro",,
223,tt14715170,2023-06-29,2023-06-29,,"Falling for Christmas","Falling for Christmas",https://www.imdb.com/title/tt14715170/,Movie,5.3,93,2022,"Comedy, Romance",31815,2022-11-10,"Janeen Damian",,
224,tt0454945,2023-06-30,2023-06-30,,"She's the Man","She's the Man",https://www.imdb.com/title/tt0454945/,Movie,6.4,105,2006,"Comedy, Romance, Sport",181421,2006-03-17,"Andy Fickman",,
225,tt2203939,2023-06-30,2023-06-30,,"The Other Woman","The Other Woman",https://www.imdb.com/title/tt2203939/,Movie,6.0,109,2014,"Comedy, Romance",154929,2014-04-25,"Nick Cassavetes",,
226,tt0097428,2023-07-01,2023-07-01,,"Ghostbusters II","Ghostbusters II",https://www.imdb.com/title/tt0097428/,Movie,6.6,108,1989,"Action, Comedy, Fantasy, Sci-Fi",231336,1989-06-16,"Ivan Reitman",,
227,tt1289401,2023-07-01,2023-07-01,,"Ghostbusters","Ghostbusters",https://www.imdb.com/title/tt1289401/,Movie,6.8,117,2016,"Action, Comedy, Fantasy, Sci-Fi",251580,2016-07-15,"Paul Feig",,
228,tt0815244,2023-07-01,2023-07-01,,"Sydney White","Sydney White",https://www.imdb.com/title/tt0815244/,Movie,6.2,108,2007,"Comedy, Drama, Romance",52120,2007-09-21,"Joe Nussbaum",,
229,tt0092099,2023-07-02,2023-07-02,,"Top Gun","Top Gun",https://www.imdb.com/title/tt0092099/,Movie,6.9,109,1986,"Action, Drama",518840,1986-05-16,"Tony Scott",,
230,tt8718158,2023-07-03,2023-07-03,,"The Hating Game","The Hating Game",https://www.imdb.com/title/tt8718158/,Movie,6.2,102,2021,"Comedy, Romance",29730,2021-12-10,"Peter Hutchings",,
231,tt0111999,2023-07-04,2023-07-04,,"Hercules: The Legendary Journeys","Hercules: The Legendary Journeys",https://www.imdb.com/title/tt0111999/,TV Series,6.5,44,1995,"Action, Adventure, Drama, Fantasy, Romance",32535,1995-01-16,,,
232,tt0112230,2023-07-04,2023-07-04,,"Xena: Warrior Princess","Xena: Warrior Princess",https://www.imdb.com/title/tt0112230/,TV Series,6.8,45,1995,"Action, Adventure, Drama, Fantasy",50042,1995-09-04,,,
233,tt0158552,2023-07-04,2023-07-04,,"Charmed","Charmed",https://www.imdb.com/title/tt0158552/,TV Series,7.2,42,1998,"Drama, Fantasy, Mystery",94510,1998-10-07,,,
234,tt16419074,2023-07-05,2023-07-05,,"Air","Air",https://www.imdb.com/title/tt16419074/,Movie,7.4,111,2023,"Drama, Sport",179527,2023-04-05,"Ben Affleck",,
235,tt13923456,2023-07-05,2023-07-05,,"Mafia Mamma","Mafia Mamma",https://www.imdb.com/title/tt13923456/,Movie,5.4,101,2023,"Action, Comedy, Crime",12229,2023-04-14,"Catherine Hardwicke",,
236,tt1846442,2023-07-07,2023-07-07,,"12 Dates of Christmas","12 Dates of Christmas",https://www.imdb.com/title/tt1846442/,TV Movie,6.3,90,2011,"Comedy, Family, Fantasy, Romance",8783,2011-12-11,"James Hayman",,
237,tt5097410,2023-07-08,2023-07-08,,"Noelle","Noelle",https://www.imdb.com/title/tt5097410/,Movie,6.3,100,2019,"Comedy, Family, Fantasy",29238,2019-11-12,"Marc Lawrence",,
238,tt2085059,2023-07-09,2023-07-09,,"Black Mirror","Black Mirror",https://www.imdb.com/title/tt2085059/,TV Series,8.7,60,2011,"Crime, Drama, Mystery, Sci-Fi, Thriller",667150,2011-12-04,,,
239,tt11286314,2023-07-09,2023-07-09,,"Don't Look Up","Don't Look Up",https://www.imdb.com/title/tt11286314/,Movie,7.2,138,2021,"Comedy, Drama, Sci-Fi",628038,2021-12-24,"Adam McKay",,
240,tt11681250,2023-07-10,2023-07-10,,"Godmothered","Godmothered",https://www.imdb.com/title/tt11681250/,Movie,6.1,110,2020,"Comedy, Drama, Family, Fantasy",14400,2020-12-04,"Sharon Maguire",,
241,tt0252028,2023-07-12,2023-07-12,,"Surviving Christmas","Surviving Christmas",https://www.imdb.com/title/tt0252028/,Movie,5.5,91,2004,"Comedy, Romance",29353,2004-10-22,"Mike Mitchell",,
242,tt0088933,2023-07-22,2023-07-22,,"Cocoon","Cocoon",https://www.imdb.com/title/tt0088933/,Movie,6.7,117,1985,"Comedy, Drama, Sci-Fi",70463,1985-06-21,"Ron Howard",,
243,tt0086465,2023-07-22,2023-07-22,,"Trading Places","Trading Places",https://www.imdb.com/title/tt0086465/,Movie,7.5,116,1983,"Comedy",172335,1983-06-08,"John Landis",,
244,tt0084827,2023-07-22,2023-07-22,,"Tron","Tron",https://www.imdb.com/title/tt0084827/,Movie,6.7,96,1982,"Action, Adventure, Sci-Fi",132075,1982-07-09,"Steven Lisberger",,
245,tt0089092,2023-07-22,2023-07-22,,"Enemy Mine","Enemy Mine",https://www.imdb.com/title/tt0089092/,Movie,6.8,108,1985,"Action, Adventure, Drama, Sci-Fi",52779,1985-12-20,"Wolfgang Petersen",,
246,tt0096256,2023-07-22,2023-07-22,,"They Live","They Live",https://www.imdb.com/title/tt0096256/,Movie,7.2,94,1988,"Action, Horror, Sci-Fi, Thriller",152031,1988-11-04,"John Carpenter",,
247,tt0096101,2023-07-27,2023-07-27,,"Short Circuit 2","Short Circuit 2",https://www.imdb.com/title/tt0096101/,Movie,5.7,110,1988,"Comedy, Drama, Family, Sci-Fi",27387,1988-07-06,"Kenneth Johnson",,
248,tt0091059,2023-07-27,2023-07-27,,"Flight of the Navigator","Flight of the Navigator",https://www.imdb.com/title/tt0091059/,Movie,6.9,90,1986,"Adventure, Comedy, Family, Sci-Fi",52923,1986-08-01,"Randal Kleiser",,
249,tt0120903,2023-07-29,2023-07-29,,"X-Men","X-Men",https://www.imdb.com/title/tt0120903/,Movie,7.3,104,2000,"Action, Adventure, Sci-Fi",666690,2000-07-14,"Bryan Singer",,
250,tt0763831,2023-08-02,2023-08-02,,"A Thousand Words","A Thousand Words",https://www.imdb.com/title/tt0763831/,Movie,5.9,91,2012,"Comedy, Drama, Fantasy",45600,2012-03-09,"Brian Robbins",,
251,tt0094898,2023-08-02,2023-08-02,,"Coming to America","Coming to America",https://www.imdb.com/title/tt0094898/,Movie,7.1,117,1988,"Comedy, Romance",229697,1988-06-29,"John Landis",,
252,tt0439572,2023-08-02,2023-08-02,,"The Flash","The Flash",https://www.imdb.com/title/tt0439572/,Movie,6.6,144,2023,"Action, Adventure, Fantasy, Sci-Fi",227240,2023-06-16,"Andy Muschietti",,
253,tt15671028,2023-08-04,2023-08-04,,"No Hard Feelings","No Hard Feelings",https://www.imdb.com/title/tt15671028/,Movie,6.4,103,2023,"Comedy, Romance",184857,2023-06-23,"Gene Stupnitsky",,
254,tt8521876,2023-08-04,2023-08-04,,"Yes Day","Yes Day",https://www.imdb.com/title/tt8521876/,Movie,5.7,86,2021,"Comedy, Family",31586,2021-03-12,"Miguel Arteta",,
255,tt10692232,2023-08-05,2023-08-05,,"Mandy","Mandy",https://www.imdb.com/title/tt10692232/,TV Series,7.3,15,2019,"Comedy",2480,2019-07-25,,,
256,tt8706598,2023-08-27,2023-08-27,,"The Hitman's Bodyguard: The Hitman vs. The Bodyguard","The Hitman's Bodyguard: The Hitman vs. The Bodyguard",https://www.imdb.com/title/tt8706598/,Video,6.9,5,2017,"Short, Action, Comedy, Crime, Thriller",31998,2017-11-21,,,
257,tt4693252,2023-08-27,2023-08-27,,"13 Going on 30: Bloopers","13 Going on 30: Bloopers",https://www.imdb.com/title/tt4693252/,Video,6.9,3,2004,"Short, Comedy",12650,2004-12-06,"Gary Winick",,
258,tt8609526,2023-08-27,2023-08-27,,"Hidden Figures: It All Adds Up - The Making of Hidden Figures","Hidden Figures: It All Adds Up - The Making of Hidden Figures",https://www.imdb.com/title/tt8609526/,Video,8.1,42,2017,"Short",24002,2017-04-11,"Gregg Temkin",,
259,tt0118276,2023-08-31,2023-08-31,,"Buffy the Vampire Slayer","Buffy the Vampire Slayer",https://www.imdb.com/title/tt0118276/,TV Series,8.3,44,1997,"Action, Adventure, Drama, Fantasy, Romance",164461,1997-03-10,,,
260,tt1275590,2023-09-01,2023-09-01,,"De l'autre côté du lit","De l'autre côté du lit",https://www.imdb.com/title/tt1275590/,Movie,5.5,93,2008,"Comedy",2885,2009-01-07,"Pascale Pouzadoux",,
261,tt1126618,2023-09-02,2023-09-02,,"Morning Glory","Morning Glory",https://www.imdb.com/title/tt1126618/,Movie,6.5,107,2010,"Comedy, Drama, Romance",84861,2010-11-10,"Roger Michell",,
262,tt0120828,2023-09-02,2023-09-02,,"Six Days Seven Nights","Six Days Seven Nights",https://www.imdb.com/title/tt0120828/,Movie,5.9,102,1998,"Action, Adventure, Comedy, Romance",84978,1998-06-12,"Ivan Reitman",,
263,tt2361509,2023-09-02,2023-09-02,,"The Intern","The Intern",https://www.imdb.com/title/tt2361509/,Movie,7.1,121,2015,"Comedy, Drama",287717,2015-09-25,"Nancy Meyers",,
264,tt0096463,2023-09-02,2023-09-02,,"Working Girl","Working Girl",https://www.imdb.com/title/tt0096463/,Movie,6.8,113,1988,"Comedy, Drama, Romance",64395,1988-12-21,"Mike Nichols",,
265,tt2883512,2023-09-02,2023-09-02,,"Chef","Chef",https://www.imdb.com/title/tt2883512/,Movie,7.3,114,2014,"Adventure, Comedy, Drama",239257,2014-05-30,"Jon Favreau",,
266,tt1911553,2023-09-02,2023-09-02,,"The Chef","Comme un chef",https://www.imdb.com/title/tt1911553/,Movie,6.6,84,2012,"Comedy, Drama",18441,2014-06-20,"Daniel Cohen",,
267,tt1083452,2023-09-02,2023-09-02,,"Eddie the Eagle","Eddie the Eagle",https://www.imdb.com/title/tt1083452/,Movie,7.3,106,2015,"Adventure, Biography, Comedy, Drama, History, Sport",103111,2016-02-26,"Dexter Fletcher",,
268,tt1980929,2023-09-02,2023-09-02,,"Begin Again","Begin Again",https://www.imdb.com/title/tt1980929/,Movie,7.4,104,2013,"Comedy, Drama, Music, Romance",170231,2014-07-11,"John Carney",,
269,tt5439480,2023-09-03,2023-09-03,,"Milo Murphy's Law","Milo Murphy's Law",https://www.imdb.com/title/tt5439480/,TV Series,7.6,12,2016,"Animation, Short, Action, Adventure, Comedy, Family, Fantasy",3726,2016-10-03,,,
270,tt8050756,2023-09-05,2023-09-05,,"The Owl House","The Owl House",https://www.imdb.com/title/tt8050756/,TV Series,8.6,22,2020,"Animation, Action, Adventure, Comedy, Family, Fantasy, Horror, Mystery",21720,2020-01-10,,,
271,tt1865718,2023-09-05,2023-09-05,,"Gravity Falls","Gravity Falls",https://www.imdb.com/title/tt1865718/,TV Series,8.9,23,2012,"Animation, Adventure, Comedy, Family, Fantasy",150340,2012-06-15,,,
272,tt0206512,2023-09-05,2023-09-05,,"SpongeBob SquarePants","SpongeBob SquarePants",https://www.imdb.com/title/tt0206512/,TV Series,8.2,23,1999,"Animation, Comedy, Family, Fantasy",116504,1999-05-01,,,
273,tt1517268,2023-09-05,2023-09-05,,"Barbie","Barbie",https://www.imdb.com/title/tt1517268/,Movie,6.8,114,2023,"Adventure, Comedy, Fantasy",586956,2023-07-21,"Greta Gerwig",,
274,tt6791350,2023-09-05,2023-09-05,,"Guardians of the Galaxy Vol. 3","Guardians of the Galaxy Vol. 3",https://www.imdb.com/title/tt6791350/,Movie,7.9,150,2023,"Action, Adventure, Comedy, Sci-Fi",412231,2023-05-05,"James Gunn",,
275,tt0137523,2023-09-05,2023-09-05,,"Fight Club","Fight Club",https://www.imdb.com/title/tt0137523/,Movie,8.8,139,1999,"Drama",2417396,1999-10-15,"David Fincher",,
276,tt1466074,2023-09-09,2023-09-09,,"Columbo","Columbo",https://www.imdb.com/title/tt1466074/,TV Series,8.3,100,1971,"Crime, Drama, Mystery, Thriller",44123,1971-09-15,,,
277,tt0312172,2023-09-11,2023-09-11,,"Monk","Monk",https://www.imdb.com/title/tt0312172/,TV Series,8.1,44,2002,"Comedy, Crime, Drama, Mystery",96575,2002-07-12,,,
278,tt0425112,2023-09-15,2023-09-15,,"Hot Fuzz","Hot Fuzz",https://www.imdb.com/title/tt0425112/,Movie,7.8,121,2007,"Action, Comedy, Mystery, Thriller",547186,2007-04-20,"Edgar Wright",,
279,tt0096380,2023-09-15,2023-09-15,,"Vice Versa","Vice Versa",https://www.imdb.com/title/tt0096380/,Movie,5.9,98,1988,"Comedy, Fantasy",10823,1988-03-11,"Brian Gilbert",,
280,tt0094593,2023-09-15,2023-09-15,,"18 Again!","18 Again!",https://www.imdb.com/title/tt0094593/,Movie,5.8,93,1988,"Comedy, Fantasy, Romance",5188,1988-04-08,"Paul Flaherty",,
281,tt0097958,2023-09-15,2023-09-15,,"National Lampoon's Christmas Vacation","National Lampoon's Christmas Vacation",https://www.imdb.com/title/tt0097958/,Movie,7.5,97,1989,"Comedy",233602,1989-12-01,"Jeremiah S. Chechik",,
282,tt0852863,2023-09-16,2023-09-16,,"Phineas and Ferb","Phineas and Ferb",https://www.imdb.com/title/tt0852863/,TV Series,8.1,15,2007,"Animation, Short, Action, Adventure, Comedy, Family, Musical, Sci-Fi",60295,2007-08-17,,,
283,tt6524350,2023-10-02,2023-10-02,,"Big Mouth","Big Mouth",https://www.imdb.com/title/tt6524350/,TV Series,7.8,30,2017,"Animation, Comedy, Romance",91990,2017-09-29,,,
284,tt14308636,2023-10-04,2023-10-04,,"Bank of Dave","Bank of Dave",https://www.imdb.com/title/tt14308636/,Movie,7.1,107,2023,"Biography, Comedy, Drama",14139,2023-01-16,"Chris Foggin",,
285,tt1232829,2023-11-19,2023-11-19,,"21 Jump Street","21 Jump Street",https://www.imdb.com/title/tt1232829/,Movie,7.2,109,2012,"Action, Comedy, Crime",615127,2012-03-16,"Phil Lord, Christopher Miller",,
286,tt1245492,2023-11-19,2023-11-19,,"This Is the End","This Is the End",https://www.imdb.com/title/tt1245492/,Movie,6.6,107,2013,"Comedy, Fantasy",441613,2013-06-12,"Evan Goldberg, Seth Rogen",,
287,tt0119528,2023-11-19,2023-11-19,,"Liar Liar","Liar Liar",https://www.imdb.com/title/tt0119528/,Movie,6.9,86,1997,"Comedy, Fantasy",343282,1997-03-21,"Tom Shadyac",,
288,tt0369441,2023-11-19,2023-11-19,,"Fun with Dick and Jane","Fun with Dick and Jane",https://www.imdb.com/title/tt0369441/,Movie,6.2,90,2005,"Comedy, Crime",157171,2005-12-21,"Dean Parisot",,
289,tt24429218,2023-11-30,2023-11-30,,"Genie","Genie",https://www.imdb.com/title/tt24429218/,Movie,5.9,93,2023,"Comedy, Fantasy",10642,2023-11-22,"Sam Boyd",,
290,tt0109951,2023-12-08,2023-12-08,,"Guarding Tess","Guarding Tess",https://www.imdb.com/title/tt0109951/,Movie,6.2,96,1994,"Comedy, Drama",19974,1994-03-11,"Hugh Wilson",,
291,tt2022713,2023-12-30,2023-12-30,,"Brickleberry","Brickleberry",https://www.imdb.com/title/tt2022713/,TV Series,7.3,22,2012,"Animation, Comedy",18269,2012-09-25,,,
292,tt0106115,2024-01-07,2024-01-07,,"Rocko's Modern Life","Rocko's Modern Life",https://www.imdb.com/title/tt0106115/,TV Series,7.9,30,1993,"Animation, Comedy, Family",21953,1993-09-18,,,
293,tt0115200,2024-01-07,2024-01-07,,"Hey Arnold!","Hey Arnold!",https://www.imdb.com/title/tt0115200/,TV Series,7.6,15,1996,"Animation, Comedy, Family",37593,1996-10-07,,,
294,tt13798316,2024-01-14,2024-01-14,,"Night Court","Night Court",https://www.imdb.com/title/tt13798316/,TV Series,5.8,22,2023,"Comedy",5359,2023-01-17,,,
295,tt8235236,2024-01-14,2024-01-14,,"Paradise PD","Paradise PD",https://www.imdb.com/title/tt8235236/,TV Series,6.8,28,2018,"Animation, Action, Comedy, Crime",22607,2018-08-31,,,
296,tt0460091,2024-03-11,2024-03-11,,"My Name Is Earl","My Name Is Earl",https://www.imdb.com/title/tt0460091/,TV Series,7.8,22,2005,"Comedy",111943,2005-09-20,,,
297,tt7826376,2024-03-12,2024-03-12,,"Upload","Upload",https://www.imdb.com/title/tt7826376/,TV Series,7.8,30,2020,"Comedy, Mystery, Sci-Fi",82796,2020-05-01,,,
298,tt0286499,2024-04-04,2024-04-04,,"Bend It Like Beckham","Bend It Like Beckham",https://www.imdb.com/title/tt0286499/,Movie,6.7,112,2002,"Comedy, Drama, Romance, Sport",118456,2003-08-01,"Gurinder Chadha",,
299,tt14227048,2024-04-06,2024-04-06,,"Family Switch","Family Switch",https://www.imdb.com/title/tt14227048/,Movie,5.7,106,2023,"Comedy, Family",29521,2023-11-30,"McG",,
300,tt8690918,2024-04-08,2024-04-08,,"Resident Alien","Resident Alien",https://www.imdb.com/title/tt8690918/,TV Series,8.1,44,2021,"Comedy, Drama, Mystery, Sci-Fi",68891,2021-01-27,,,
301,tt0113442,2024-04-08,2024-04-08,,"It Takes Two","It Takes Two",https://www.imdb.com/title/tt0113442/,Movie,6.0,101,1995,"Comedy, Family, Romance",25765,1995-11-17,"Andy Tennant",,
302,tt1772341,2024-04-10,2024-04-10,,"Wreck-It Ralph","Wreck-It Ralph",https://www.imdb.com/title/tt1772341/,Movie,7.7,101,2012,"Animation, Adventure, Comedy, Family, Fantasy, Sci-Fi, Sport",472948,2012-11-02,"Rich Moore",,
303,tt1660648,2024-04-15,2024-04-15,,"Ricky Stanicky","Ricky Stanicky",https://www.imdb.com/title/tt1660648/,Movie,6.2,113,2024,"Comedy",53582,2024-03-07,"Peter Farrelly",,
304,tt3532050,2024-04-18,2024-04-18,,"Idiotsitter","Idiotsitter",https://www.imdb.com/title/tt3532050/,TV Series,6.4,30,2014,"Comedy",1528,2014-02-26,,,
305,tt12225230,2024-05-05,2024-05-05,,"Doogie Kamealoha, M.D.","Doogie Kamealoha, M.D.",https://www.imdb.com/title/tt12225230/,TV Series,7.0,30,2021,"Comedy, Drama, Family",3513,2021-09-08,,,
306,tt0100502,2024-05-07,2024-05-07,,"RoboCop 2","RoboCop 2",https://www.imdb.com/title/tt0100502/,Movie,5.8,117,1990,"Action, Crime, Sci-Fi, Thriller",95549,1990-06-22,"Irvin Kershner",,
307,tt20198716,2024-05-24,2024-05-24,,"Love, Divided","Pared con pared",https://www.imdb.com/title/tt20198716/,Movie,5.9,98,2024,"Comedy, Romance",4289,2024-04-12,"Patricia Font",,
308,tt4466936,2024-05-24,2024-05-24,,"Blind Date","Un peu, beaucoup, aveuglément!",https://www.imdb.com/title/tt4466936/,Movie,6.6,90,2015,"Comedy, Romance",7244,2015-05-06,"Clovis Cornillac",,
309,tt10329024,2024-08-17,2024-08-17,,"Bob Hearts Abishola","Bob Hearts Abishola",https://www.imdb.com/title/tt10329024/,TV Series,7.0,21,2019,"Short, Comedy, Romance",6049,2019-09-23,,,
310,tt0497030,2025-01-11,2025-01-11,,"His and Her Christmas","His and Her Christmas",https://www.imdb.com/title/tt0497030/,TV Movie,5.1,89,2005,"Comedy, Drama, Romance",761,2005-12-19,"Farhad Mann",,
311,tt1105274,2025-01-11,2025-01-11,,"The Family Holiday","The Family Holiday",https://www.imdb.com/title/tt1105274/,Video,5.7,94,2007,"Comedy, Family",518,2007-12-04,"Craig Clyde",,
